image_id,pixel_sha256
zebra_01,1001ab4a5fb2ac7181a2b23c2484c4912dcfadbd3f2f471186769dd25e9890a9
zebra_02,e937d27b66cf905ed43772d60c78b1e32cf0d7de29a9466ed967d83726f2cd81
zebra_03,8c53f6178c0ea78992e7cede2d6fed97a8b8e32374e2dc9e281851c64f55d9d1
zebra_04,715d84bc61c0e760b7f6dc19804d7d75f64460eef2f7beb130216a6b5a9b7006
zebra_05,03c62f8aee0e5bb18a12e32fe4a4f251d5e3e82312d26a7ea548cd742438537b
banana_01,d4d7cd4542aeb2d6ef05b33349cef55f48f7ffbc3e71789dd224e777c29a7a5b
banana_02,80d93f561d0121e7968f18f7a253ba34162a1f27e6fa22a9c0fd2b67bb2a5b7d
banana_03,9c9956607d1107b9bfd1bc35b9d53571114e61fa4c3353de86f81d8c86f79cb8
banana_04,1f01b8e857dca2a2c9a5ca1029c08a90dca211dbcba2044a181a5cd2d34ac53f
banana_05,4e89c08fd78a8379d9a9e5122e2252b0774ecb734d8df4c29c7d1a725e4bcb24
pizza_01,e7ccf8f46ffebb7b56a28af34ac7e9e85cafabfc6d578a8f408c8789eb75fb93
pizza_02,41169c3c80df9da192d1f1858c1b339b2f1784da726d25293ab8a6aa06db4edf
pizza_03,c1387a2cdb141007700162c779f896c4655e3ec5925299e4aceb5b9655268661
pizza_04,dc6b147db5c887918e7f1c5c89cabdac700eb2dbe37d65a478c4d74175ed76b1
pizza_05,4e97a959148fdff9d7dcbfd562c74b35818b27363ca7278b564f8e1a3c65cca6
volcano_01,1ca2fdce02a2f630c6f6f9c79ddd6250a61e855d39c818a5a8726bedd19e208a
volcano_02,6aa6645e9bdd93f8d1763cad9011ad59df68912d80a01fe19cb8d933502959c2
volcano_03,4d9b87c5b6c0c4a64e5b22eaa77688bc92fa1cb85b0a9c8a9514ba28fc0b755d
volcano_04,82ce0a2c3e6f110bea728c9e5d3ccc8e5d1a8da70bcff541843142397c6032d9
volcano_05,b9edcdccc01e39e2afe552f282dffb42c2f846fae5dc9e752f49a1cc0ad30f7e
golden_retriever_01,2ce38ba37b59d0f2f4145198705640696401ac710aa703690bd60ee7082980d4
golden_retriever_02,23ace2c1aaff8a21b9d62fad0158bfb22c5c21abbbcec4e94122360383d96001
golden_retriever_03,fa84f6eb5f3a42ad190121f7475fbfbf2f3a017b4a1882ced62ac336b2cbb2be
golden_retriever_04,ce3c949e885a58117e34f6735a57013d9c85c9eb2767724df84c9368a1d5fd75
golden_retriever_05,dc0f4d6381c800e930b78f78f86cb2cd1450db389e3655c0ba7a018e2a02577b
school_bus_01,f183eab15d0b0ddaa5aced3b5789309bb3e2085f8fc7e9781133e3860ff3a04d
school_bus_02,a0570249c6c06fa0814c9a7fb27e5d48c64276c6e5f7c4c4f92d688d3c9d27bd
school_bus_03,b2dd3ba9c11bfb1f445ace1ae882099bb04e5e1b916cd560905c07b270e7dc95
school_bus_04,3fdfdc543382a1172ff9dc942138aadb176c0ad12df388984e5d92ab25a2e162
school_bus_05,db737b6a3f88b0504ff981cc19577df6063b5afa250e57bd3e2c35bac9f5edfe
teapot_01,40d0f017e96396727694151445f933f61c92531b82bc960199d9def7f54f9590
teapot_02,d1af74f6ab1d0b82e4b89673f11e41f9efb0dbc5d15fb72118dcb26a3f183ca1
teapot_03,bd4db85b98d76abc06a8ab617f1c730da4b49ad46b994fa0190c590ebfb8cf09
teapot_04,6dd7f8e088695eb14148fd6406fb63f915881d365c7590a7d197727eed51d5a7
teapot_05,3c669ce2ad5636ab2388432aec0be8350ce0b5d6b4f90e29636ab03f41295b3e
daisy_01,ab875ebe839565aed6b5bd95069f1b8caefb3dc87add64d4b3438af380a8b101
daisy_02,857f8b57f441dd779b901bde8ed5166975aafdf4921f3dd1e86c5c2069f85ea7
daisy_03,35f0d86a70f196da04d34e01e7550f144061515324359bbb0812b6d87fbb0de8
daisy_04,954c718d9b6eae87ef412b7b4d4ca12da95ee7c72a6e9a4912841330be3c6221
daisy_05,c31192863c4aa87675391c8d7b9fd5fde8feb2853070517397e28c633b338cf4
siberian_husky_01,104ce5015fbf6c0f66d9eb46fed82a1cb78a74938b663e2c032ba1256fc2ebb7
siberian_husky_02,e8699c3410c7aaf194e8a3b1d91dc47016bc6dc5e92d68b7f81ea4b7975a32e2
siberian_husky_03,cfd5af468136efb1be07240c84094fbd02105bd68b848f43afa78ebc73626cfe
siberian_husky_04,c8f8462e2beee5ce27264b7a8a6a76cdf6e57692df344a38c1aa70d4749a5867
siberian_husky_05,85b90d1184e7f3d9293415976dbffd7db1631dd6d51d4c64f27e61ea78f1763e
eskimo_dog_01,8db8cd131335e88f716d628dd7a19f837661f10a7024f155e7331a9c6fb8c213
eskimo_dog_02,62f08081bf5b9a7e303f47c4a35d990b696c817eb038d04f2d64085df37d1545
eskimo_dog_03,cad70d0a76661c6fc5c0588c18408c7b54d5ca3d558b234d031891a694cd7d0c
eskimo_dog_04,2c9189d25bdfe5af6a1f48b3f4b44655afc6ceffb45597b7ab563fc5145ecbcb
eskimo_dog_05,f7c8c459b6071ce76d6934c3069cd00f6b5ad9627f132559c832f1eff8d2ab0e
tabby_01,98a8a15b11d2f6c6bb6fc7a2031562e1f080de36901abe3b20c338eba5dce4df
tabby_02,2ec930a5f5f140e73bbd3050178ab8f21b4a09120695923c3101d466273bc095
tabby_03,3753bedb2bea2219cfc26e5023ea0e0d1c3de9731c385833a276f78664146df9
tabby_04,68e11e0bb503e6ca2c12bb779604f3143aa5588b18e32c3fd9d8fb10541d2ae8
tabby_05,4568a06433f65e818662aaeddcc2919a35f48e6ef1ba7e94a257269530df9130
egyptian_cat_01,6f6beb4c9aaa5a4f0b3e145d447cc929baf84a92c4cc9a90d74b45f49c261795
egyptian_cat_02,910bc4deb3652636de3de5979572ac11292629a1aa901f53f17a8baefc892ff2
egyptian_cat_03,a37b3c1f02f407f6d91e2099fdf1544e6100c794aa8ce210228feb9592f98694
egyptian_cat_04,1c400087afe7508de1664bb2ad6e04dbe7533b5e5bca8279d2264843c8a0f6c7
egyptian_cat_05,42bceaaa3e64d4e652db3ff3a4c443a302e9207d63eb30325dd36f1f9270c4d9
