image_id,group,search_term,expected_class,commons_title,licence,artist,credit_url,download_url
zebra_01,easy,zebra,zebra,File:Burchell's zebra (Equus quagga burchellii) 2.jpg,CC BY-SA 4.0,Charles J. Sharp,https://commons.wikimedia.org/wiki/File:Burchell%27s_zebra_(Equus_quagga_burchellii)_2.jpg,https://thumb.wikimedia.org/wikipedia/commons/thumb/1/1b/Burchell%27s_zebra_%28Equus_quagga_burchellii%29_2.jpg/960px-Burchell%27s_zebra_%28Equus_quagga_burchellii%29_2.jpg?utm_source=commons.wikimedia.org&utm_campaign=imageinfo&utm_content=thumbnail
zebra_02,easy,zebra,zebra,File:Burchell's zebra (Equus quagga burchellii) females head to tail.jpg,CC BY-SA 4.0,Charles J. Sharp,https://commons.wikimedia.org/wiki/File:Burchell%27s_zebra_(Equus_quagga_burchellii)_females_head_to_tail.jpg,https://thumb.wikimedia.org/wikipedia/commons/thumb/f/f2/Burchell%27s_zebra_%28Equus_quagga_burchellii%29_females_head_to_tail.jpg/960px-Burchell%27s_zebra_%28Equus_quagga_burchellii%29_females_head_to_tail.jpg?utm_source=commons.wikimedia.org&utm_campaign=imageinfo&utm_content=thumbnail
zebra_03,easy,zebra,zebra,"File:Cebras comunes (Equus quagga), parque nacional de Tarangire, Tanzania, 2024-05-25, DD 90.jpg",CC BY-SA 4.0,Diego Delso,"https://commons.wikimedia.org/wiki/File:Cebras_comunes_(Equus_quagga),_parque_nacional_de_Tarangire,_Tanzania,_2024-05-25,_DD_90.jpg",https://thumb.wikimedia.org/wikipedia/commons/thumb/b/be/Cebras_comunes_%28Equus_quagga%29%2C_parque_nacional_de_Tarangire%2C_Tanzania%2C_2024-05-25%2C_DD_90.jpg/960px-Cebras_comunes_%28Equus_quagga%29%2C_parque_nacional_de_Tarangire%2C_Tanzania%2C_2024-05-25%2C_DD_90.jpg?utm_source=commons.wikimedia.org&utm_campaign=imageinfo&utm_content=thumbnail
zebra_04,easy,zebra,zebra,File:Equus zebra hartmannae - Etosha 2015.jpg,CC BY-SA 4.0,Yathin S Krishnappa,https://commons.wikimedia.org/wiki/File:Equus_zebra_hartmannae_-_Etosha_2015.jpg,https://thumb.wikimedia.org/wikipedia/commons/thumb/c/c3/Equus_zebra_hartmannae_-_Etosha_2015.jpg/960px-Equus_zebra_hartmannae_-_Etosha_2015.jpg?utm_source=commons.wikimedia.org&utm_campaign=imageinfo&utm_content=thumbnail
zebra_05,easy,zebra,zebra,File:Lake Manyara Wildlife.jpg,CC BY-SA 3.0,Gaurav Pandit,https://commons.wikimedia.org/wiki/File:Lake_Manyara_Wildlife.jpg,https://thumb.wikimedia.org/wikipedia/commons/thumb/4/48/Lake_Manyara_Wildlife.jpg/960px-Lake_Manyara_Wildlife.jpg?utm_source=commons.wikimedia.org&utm_campaign=imageinfo&utm_content=thumbnail
banana_01,easy,banana,banana,File:At Tenerife 2022 227.jpg,CC BY-SA 4.0,Photograph by Mike Peel (www.mikepeel.net).,https://commons.wikimedia.org/wiki/File:At_Tenerife_2022_227.jpg,https://thumb.wikimedia.org/wikipedia/commons/thumb/7/77/At_Tenerife_2022_227.jpg/960px-At_Tenerife_2022_227.jpg?utm_source=commons.wikimedia.org&utm_campaign=imageinfo&utm_content=thumbnail
banana_02,easy,banana,banana,File:Banana 8.jpg,CC BY-SA 4.0,Gaurav Dhwaj Khadka,https://commons.wikimedia.org/wiki/File:Banana_8.jpg,https://thumb.wikimedia.org/wikipedia/commons/thumb/5/53/Banana_8.jpg/960px-Banana_8.jpg?utm_source=commons.wikimedia.org&utm_campaign=imageinfo&utm_content=thumbnail
banana_03,easy,banana,banana,File:Banana Ketchup.jpg,CC BY-SA 4.0,Khayri R.R. Woulfe,https://commons.wikimedia.org/wiki/File:Banana_Ketchup.jpg,https://thumb.wikimedia.org/wikipedia/commons/thumb/d/d2/Banana_Ketchup.jpg/960px-Banana_Ketchup.jpg?utm_source=commons.wikimedia.org&utm_campaign=imageinfo&utm_content=thumbnail
banana_04,easy,banana,banana,File:Banana at TI4.jpg,CC BY 2.0,Dota 2 The International,https://commons.wikimedia.org/wiki/File:Banana_at_TI4.jpg,https://upload.wikimedia.org/wikipedia/commons/e/e1/Banana_at_TI4.jpg?utm_source=commons.wikimedia.org&utm_campaign=imageinfo&utm_content=thumbnail_unscaled
banana_05,easy,banana,banana,File:Banana dágua.jpg,CC BY-SA 4.0,Vitor da Silva Gonçalves,https://commons.wikimedia.org/wiki/File:Banana_d%C3%A1gua.jpg,https://thumb.wikimedia.org/wikipedia/commons/thumb/7/77/Banana_d%C3%A1gua.jpg/960px-Banana_d%C3%A1gua.jpg?utm_source=commons.wikimedia.org&utm_campaign=imageinfo&utm_content=thumbnail
pizza_01,easy,pizza,pizza,File:Eq it-na pizza-margherita sep2005 sml.jpg,CC BY-SA 3.0,Valerio Capello at English Wikipedia,https://commons.wikimedia.org/wiki/File:Eq_it-na_pizza-margherita_sep2005_sml.jpg,https://thumb.wikimedia.org/wikipedia/commons/thumb/a/a3/Eq_it-na_pizza-margherita_sep2005_sml.jpg/960px-Eq_it-na_pizza-margherita_sep2005_sml.jpg?utm_source=commons.wikimedia.org&utm_campaign=imageinfo&utm_content=thumbnail
pizza_02,easy,pizza,pizza,File:L&B Spumoni Gardens pizza (41436).jpg,CC BY-SA 4.0,Rhododendrites,https://commons.wikimedia.org/wiki/File:L%26B_Spumoni_Gardens_pizza_(41436).jpg,https://thumb.wikimedia.org/wikipedia/commons/thumb/d/d5/L%26B_Spumoni_Gardens_pizza_%2841436%29.jpg/960px-L%26B_Spumoni_Gardens_pizza_%2841436%29.jpg?utm_source=commons.wikimedia.org&utm_campaign=imageinfo&utm_content=thumbnail
pizza_03,easy,pizza,pizza,File:Pizza 10.jpg,CC0,Kurt Kaiser,https://commons.wikimedia.org/wiki/File:Pizza_10.jpg,https://thumb.wikimedia.org/wikipedia/commons/thumb/1/13/Pizza_10.jpg/960px-Pizza_10.jpg?utm_source=commons.wikimedia.org&utm_campaign=imageinfo&utm_content=thumbnail
pizza_04,easy,pizza,pizza,File:Pizza 14.jpg,CC0,Kurt Kaiser,https://commons.wikimedia.org/wiki/File:Pizza_14.jpg,https://thumb.wikimedia.org/wikipedia/commons/thumb/d/d0/Pizza_14.jpg/960px-Pizza_14.jpg?utm_source=commons.wikimedia.org&utm_campaign=imageinfo&utm_content=thumbnail
pizza_05,easy,pizza,pizza,File:Pizza 15.jpg,CC0,Kurt Kaiser,https://commons.wikimedia.org/wiki/File:Pizza_15.jpg,https://thumb.wikimedia.org/wikipedia/commons/thumb/d/dd/Pizza_15.jpg/960px-Pizza_15.jpg?utm_source=commons.wikimedia.org&utm_campaign=imageinfo&utm_content=thumbnail
volcano_01,easy,volcano,volcano,"File:A view of Taal Volcano from Tanauan, Batangas.jpg",CC BY-SA 4.0,micluna,"https://commons.wikimedia.org/wiki/File:A_view_of_Taal_Volcano_from_Tanauan,_Batangas.jpg",https://thumb.wikimedia.org/wikipedia/commons/thumb/1/1f/A_view_of_Taal_Volcano_from_Tanauan%2C_Batangas.jpg/960px-A_view_of_Taal_Volcano_from_Tanauan%2C_Batangas.jpg?utm_source=commons.wikimedia.org&utm_campaign=imageinfo&utm_content=thumbnail
volcano_02,easy,volcano,volcano,File:Arenal volcano (70785p).jpg,CC BY-SA 4.0,Rhododendrites,https://commons.wikimedia.org/wiki/File:Arenal_volcano_(70785p).jpg,https://thumb.wikimedia.org/wikipedia/commons/thumb/6/69/Arenal_volcano_%2870785p%29.jpg/960px-Arenal_volcano_%2870785p%29.jpg?utm_source=commons.wikimedia.org&utm_campaign=imageinfo&utm_content=thumbnail
volcano_03,easy,volcano,volcano,File:Fimmvorduhals 2010 03 27 dawn.jpg,CC BY 3.0,Boaworm,https://commons.wikimedia.org/wiki/File:Fimmvorduhals_2010_03_27_dawn.jpg,https://thumb.wikimedia.org/wikipedia/commons/thumb/3/37/Fimmvorduhals_2010_03_27_dawn.jpg/960px-Fimmvorduhals_2010_03_27_dawn.jpg?utm_source=commons.wikimedia.org&utm_campaign=imageinfo&utm_content=thumbnail
volcano_04,easy,volcano,volcano,File:Mayon Volcano and the Sleeping Lion.jpg,CC BY-SA 4.0,Chrizluminario,https://commons.wikimedia.org/wiki/File:Mayon_Volcano_and_the_Sleeping_Lion.jpg,https://thumb.wikimedia.org/wikipedia/commons/thumb/1/13/Mayon_Volcano_and_the_Sleeping_Lion.jpg/960px-Mayon_Volcano_and_the_Sleeping_Lion.jpg?utm_source=commons.wikimedia.org&utm_campaign=imageinfo&utm_content=thumbnail
volcano_05,easy,volcano,volcano,File:MtCleveland ISS013-E-24184.jpg,Public domain,"ISS Crew Earth Observations experiment and the Image Science & Analysis Group, Johnson Space Center.",https://commons.wikimedia.org/wiki/File:MtCleveland_ISS013-E-24184.jpg,https://thumb.wikimedia.org/wikipedia/commons/thumb/4/4a/MtCleveland_ISS013-E-24184.jpg/960px-MtCleveland_ISS013-E-24184.jpg?utm_source=commons.wikimedia.org&utm_campaign=imageinfo&utm_content=thumbnail
golden_retriever_01,medium,golden retriever,golden retriever,File:A Golden Retriever-9 (Barras).JPG,CC BY 3.0,Barras,https://commons.wikimedia.org/wiki/File:A_Golden_Retriever-9_(Barras).JPG,https://thumb.wikimedia.org/wikipedia/commons/thumb/7/74/A_Golden_Retriever-9_%28Barras%29.JPG/960px-A_Golden_Retriever-9_%28Barras%29.JPG?utm_source=commons.wikimedia.org&utm_campaign=imageinfo&utm_content=thumbnail
golden_retriever_02,medium,golden retriever,golden retriever,File:Callie the golden retriever puppy.jpg,CC BY 3.0,MichaelMcPhee,https://commons.wikimedia.org/wiki/File:Callie_the_golden_retriever_puppy.jpg,https://thumb.wikimedia.org/wikipedia/commons/thumb/3/33/Callie_the_golden_retriever_puppy.jpg/960px-Callie_the_golden_retriever_puppy.jpg?utm_source=commons.wikimedia.org&utm_campaign=imageinfo&utm_content=thumbnail
golden_retriever_03,medium,golden retriever,golden retriever,"File:Dülmen, Hausdülmen, Golden Retriever -- 2022 -- 5530.jpg",CC BY-SA 4.0,Dietmar Rabich,"https://commons.wikimedia.org/wiki/File:D%C3%BClmen,_Hausd%C3%BClmen,_Golden_Retriever_--_2022_--_5530.jpg",https://thumb.wikimedia.org/wikipedia/commons/thumb/1/1c/D%C3%BClmen%2C_Hausd%C3%BClmen%2C_Golden_Retriever_--_2022_--_5530.jpg/960px-D%C3%BClmen%2C_Hausd%C3%BClmen%2C_Golden_Retriever_--_2022_--_5530.jpg?utm_source=commons.wikimedia.org&utm_campaign=imageinfo&utm_content=thumbnail
golden_retriever_04,medium,golden retriever,golden retriever,"File:Dülmen, Hausdülmen, Golden Retriever -- 2022 -- 5767.jpg",CC BY-SA 4.0,Dietmar Rabich,"https://commons.wikimedia.org/wiki/File:D%C3%BClmen,_Hausd%C3%BClmen,_Golden_Retriever_--_2022_--_5767.jpg",https://thumb.wikimedia.org/wikipedia/commons/thumb/a/a1/D%C3%BClmen%2C_Hausd%C3%BClmen%2C_Golden_Retriever_--_2022_--_5767.jpg/960px-D%C3%BClmen%2C_Hausd%C3%BClmen%2C_Golden_Retriever_--_2022_--_5767.jpg?utm_source=commons.wikimedia.org&utm_campaign=imageinfo&utm_content=thumbnail
golden_retriever_05,medium,golden retriever,golden retriever,"File:Dülmen, Hausdülmen, Golden Retriever -- 2022 -- 5945.jpg",CC BY-SA 4.0,Dietmar Rabich,"https://commons.wikimedia.org/wiki/File:D%C3%BClmen,_Hausd%C3%BClmen,_Golden_Retriever_--_2022_--_5945.jpg",https://thumb.wikimedia.org/wikipedia/commons/thumb/b/bf/D%C3%BClmen%2C_Hausd%C3%BClmen%2C_Golden_Retriever_--_2022_--_5945.jpg/960px-D%C3%BClmen%2C_Hausd%C3%BClmen%2C_Golden_Retriever_--_2022_--_5945.jpg?utm_source=commons.wikimedia.org&utm_campaign=imageinfo&utm_content=thumbnail
school_bus_01,medium,school bus,school bus,File:2026-03-27 D500-2061 Achim-Lammerts Bus-595-Rheinzabern.jpg,CC BY-SA 4.0,Achim Lammerts (Syntaxys),https://commons.wikimedia.org/wiki/File:2026-03-27_D500-2061_Achim-Lammerts_Bus-595-Rheinzabern.jpg,https://thumb.wikimedia.org/wikipedia/commons/thumb/7/7f/2026-03-27_D500-2061_Achim-Lammerts_Bus-595-Rheinzabern.jpg/960px-2026-03-27_D500-2061_Achim-Lammerts_Bus-595-Rheinzabern.jpg?utm_source=commons.wikimedia.org&utm_campaign=imageinfo&utm_content=thumbnail
school_bus_02,medium,school bus,school bus,"File:Crusaders School Bus, Chalmette, Louisiana.jpg",Public domain,Uncredited for National Park Service,"https://commons.wikimedia.org/wiki/File:Crusaders_School_Bus,_Chalmette,_Louisiana.jpg",https://thumb.wikimedia.org/wikipedia/commons/thumb/6/6a/Crusaders_School_Bus%2C_Chalmette%2C_Louisiana.jpg/960px-Crusaders_School_Bus%2C_Chalmette%2C_Louisiana.jpg?utm_source=commons.wikimedia.org&utm_campaign=imageinfo&utm_content=thumbnail
school_bus_03,medium,school bus,school bus,File:Deutsche Schule der Borromäerinnen Alexandria school bus in Sizostris Street.jpg,CC BY 4.0,Marsupium,https://commons.wikimedia.org/wiki/File:Deutsche_Schule_der_Borrom%C3%A4erinnen_Alexandria_school_bus_in_Sizostris_Street.jpg,https://thumb.wikimedia.org/wikipedia/commons/thumb/d/d6/Deutsche_Schule_der_Borrom%C3%A4erinnen_Alexandria_school_bus_in_Sizostris_Street.jpg/960px-Deutsche_Schule_der_Borrom%C3%A4erinnen_Alexandria_school_bus_in_Sizostris_Street.jpg?utm_source=commons.wikimedia.org&utm_campaign=imageinfo&utm_content=thumbnail
school_bus_04,medium,school bus,school bus,"File:First Student white short school bus, 2025.jpg",CC BY-SA 4.0,Chicken4War,"https://commons.wikimedia.org/wiki/File:First_Student_white_short_school_bus,_2025.jpg",https://thumb.wikimedia.org/wikipedia/commons/thumb/c/c3/First_Student_white_short_school_bus%2C_2025.jpg/960px-First_Student_white_short_school_bus%2C_2025.jpg?utm_source=commons.wikimedia.org&utm_campaign=imageinfo&utm_content=thumbnail
school_bus_05,medium,school bus,school bus,File:LionC all-electric school bus 01.tif,CC BY 4.0,Pierre5018,https://commons.wikimedia.org/wiki/File:LionC_all-electric_school_bus_01.tif,https://thumb.wikimedia.org/wikipedia/commons/thumb/f/fd/LionC_all-electric_school_bus_01.tif/lossy-page1-960px-LionC_all-electric_school_bus_01.tif.jpg?utm_source=commons.wikimedia.org&utm_campaign=imageinfo&utm_content=thumbnail
teapot_01,medium,teapot,teapot,File:2025.12.27 Minsk Flea Market Minsk Porcelain Factory Teapot Sugar Bowl.jpg,CC BY-SA 4.0,Tess Mattew,https://commons.wikimedia.org/wiki/File:2025.12.27_Minsk_Flea_Market_Minsk_Porcelain_Factory_Teapot_Sugar_Bowl.jpg,https://thumb.wikimedia.org/wikipedia/commons/thumb/1/1e/2025.12.27_Minsk_Flea_Market_Minsk_Porcelain_Factory_Teapot_Sugar_Bowl.jpg/960px-2025.12.27_Minsk_Flea_Market_Minsk_Porcelain_Factory_Teapot_Sugar_Bowl.jpg?utm_source=commons.wikimedia.org&utm_campaign=imageinfo&utm_content=thumbnail
teapot_02,medium,teapot,teapot,File:Aqsis - Utah teapot displacement shader.png,CC0,Morn,https://commons.wikimedia.org/wiki/File:Aqsis_-_Utah_teapot_displacement_shader.png,https://thumb.wikimedia.org/wikipedia/commons/thumb/0/08/Aqsis_-_Utah_teapot_displacement_shader.png/960px-Aqsis_-_Utah_teapot_displacement_shader.png?utm_source=commons.wikimedia.org&utm_campaign=imageinfo&utm_content=thumbnail
teapot_03,medium,teapot,teapot,File:Ceramic stoneware teapot produced with Yixing clay before 1923 CE Jiangsu Province China.jpg,CC BY-SA 4.0,Mary Harrsch,https://commons.wikimedia.org/wiki/File:Ceramic_stoneware_teapot_produced_with_Yixing_clay_before_1923_CE_Jiangsu_Province_China.jpg,https://thumb.wikimedia.org/wikipedia/commons/thumb/4/45/Ceramic_stoneware_teapot_produced_with_Yixing_clay_before_1923_CE_Jiangsu_Province_China.jpg/960px-Ceramic_stoneware_teapot_produced_with_Yixing_clay_before_1923_CE_Jiangsu_Province_China.jpg?utm_source=commons.wikimedia.org&utm_campaign=imageinfo&utm_content=thumbnail
teapot_04,medium,teapot,teapot,File:Cubeteapotgreen1 (2).jpg,CC BY-SA 4.0,Melissa Highton,https://commons.wikimedia.org/wiki/File:Cubeteapotgreen1_(2).jpg,https://upload.wikimedia.org/wikipedia/commons/5/55/Cubeteapotgreen1_%282%29.jpg?utm_source=commons.wikimedia.org&utm_campaign=imageinfo&utm_content=thumbnail_unscaled
teapot_05,medium,teapot,teapot,File:Edna Hart Teapot 1915 Project Gutenberg.jpg,Public domain,Edna F. Hart,https://commons.wikimedia.org/wiki/File:Edna_Hart_Teapot_1915_Project_Gutenberg.jpg,https://upload.wikimedia.org/wikipedia/commons/d/de/Edna_Hart_Teapot_1915_Project_Gutenberg.jpg?utm_source=commons.wikimedia.org&utm_campaign=imageinfo&utm_content=thumbnail_unscaled
daisy_01,medium,daisy,daisy,File:20200325 Bellis perennis 01.jpg,CC BY 4.0,Flocci Nivis,https://commons.wikimedia.org/wiki/File:20200325_Bellis_perennis_01.jpg,https://thumb.wikimedia.org/wikipedia/commons/thumb/8/89/20200325_Bellis_perennis_01.jpg/960px-20200325_Bellis_perennis_01.jpg?utm_source=commons.wikimedia.org&utm_campaign=imageinfo&utm_content=thumbnail
daisy_02,medium,daisy,daisy,File:20200325 Bellis perennis 02.jpg,CC BY 4.0,Flocci Nivis,https://commons.wikimedia.org/wiki/File:20200325_Bellis_perennis_02.jpg,https://thumb.wikimedia.org/wikipedia/commons/thumb/d/db/20200325_Bellis_perennis_02.jpg/960px-20200325_Bellis_perennis_02.jpg?utm_source=commons.wikimedia.org&utm_campaign=imageinfo&utm_content=thumbnail
daisy_03,medium,daisy,daisy,File:Bellis March 2014-1.jpg,CC BY-SA 3.0,Alvesgaspar,https://commons.wikimedia.org/wiki/File:Bellis_March_2014-1.jpg,https://thumb.wikimedia.org/wikipedia/commons/thumb/d/db/Bellis_March_2014-1.jpg/960px-Bellis_March_2014-1.jpg?utm_source=commons.wikimedia.org&utm_campaign=imageinfo&utm_content=thumbnail
daisy_04,medium,daisy,daisy,File:Bellis in May.jpg,CC BY-SA 4.0,Ввласенко,https://commons.wikimedia.org/wiki/File:Bellis_in_May.jpg,https://thumb.wikimedia.org/wikipedia/commons/thumb/8/87/Bellis_in_May.jpg/960px-Bellis_in_May.jpg?utm_source=commons.wikimedia.org&utm_campaign=imageinfo&utm_content=thumbnail
daisy_05,medium,daisy,daisy,File:Bellis perennis full plant.jpg,CC BY-SA 3.0 de,Grand-Duc,https://commons.wikimedia.org/wiki/File:Bellis_perennis_full_plant.jpg,https://thumb.wikimedia.org/wikipedia/commons/thumb/5/54/Bellis_perennis_full_plant.jpg/960px-Bellis_perennis_full_plant.jpg?utm_source=commons.wikimedia.org&utm_campaign=imageinfo&utm_content=thumbnail
siberian_husky_01,hard,Siberian husky,Siberian husky,File:Inzell 2017 Kat A1 Daniela Bigalke-9504.jpg,CC BY-SA 4.0,Isiwal,https://commons.wikimedia.org/wiki/File:Inzell_2017_Kat_A1_Daniela_Bigalke-9504.jpg,https://thumb.wikimedia.org/wikipedia/commons/thumb/b/b2/Inzell_2017_Kat_A1_Daniela_Bigalke-9504.jpg/960px-Inzell_2017_Kat_A1_Daniela_Bigalke-9504.jpg?utm_source=commons.wikimedia.org&utm_campaign=imageinfo&utm_content=thumbnail
siberian_husky_02,hard,Siberian husky,Siberian husky,File:Inzell 2017 Kat A1 Jürgen STROLZ-9496.jpg,CC BY-SA 4.0,Isiwal,https://commons.wikimedia.org/wiki/File:Inzell_2017_Kat_A1_J%C3%BCrgen_STROLZ-9496.jpg,https://thumb.wikimedia.org/wikipedia/commons/thumb/5/53/Inzell_2017_Kat_A1_J%C3%BCrgen_STROLZ-9496.jpg/960px-Inzell_2017_Kat_A1_J%C3%BCrgen_STROLZ-9496.jpg?utm_source=commons.wikimedia.org&utm_campaign=imageinfo&utm_content=thumbnail
siberian_husky_03,hard,Siberian husky,Siberian husky,File:Inzell 2017 Kat A1 Jürgen STROLZ-9497.jpg,CC BY-SA 4.0,Isiwal,https://commons.wikimedia.org/wiki/File:Inzell_2017_Kat_A1_J%C3%BCrgen_STROLZ-9497.jpg,https://thumb.wikimedia.org/wikipedia/commons/thumb/8/84/Inzell_2017_Kat_A1_J%C3%BCrgen_STROLZ-9497.jpg/960px-Inzell_2017_Kat_A1_J%C3%BCrgen_STROLZ-9497.jpg?utm_source=commons.wikimedia.org&utm_campaign=imageinfo&utm_content=thumbnail
siberian_husky_04,hard,Siberian husky,Siberian husky,File:Inzell 2017 Kat A1 ZBYSZEK Kunert -9513.jpg,CC BY-SA 4.0,Isiwal,https://commons.wikimedia.org/wiki/File:Inzell_2017_Kat_A1_ZBYSZEK_Kunert_-9513.jpg,https://thumb.wikimedia.org/wikipedia/commons/thumb/0/0e/Inzell_2017_Kat_A1_ZBYSZEK_Kunert_-9513.jpg/960px-Inzell_2017_Kat_A1_ZBYSZEK_Kunert_-9513.jpg?utm_source=commons.wikimedia.org&utm_campaign=imageinfo&utm_content=thumbnail
siberian_husky_05,hard,Siberian husky,Siberian husky,File:Inzell 2017 Kat C1 sleddog duel-9708.jpg,CC BY-SA 4.0,Isiwal,https://commons.wikimedia.org/wiki/File:Inzell_2017_Kat_C1_sleddog_duel-9708.jpg,https://thumb.wikimedia.org/wikipedia/commons/thumb/3/3f/Inzell_2017_Kat_C1_sleddog_duel-9708.jpg/960px-Inzell_2017_Kat_C1_sleddog_duel-9708.jpg?utm_source=commons.wikimedia.org&utm_campaign=imageinfo&utm_content=thumbnail
eskimo_dog_01,hard,Eskimo dog,Eskimo dog,"File:""Snowball"" the American Eskimo Dog.jpg",CC BY-SA 4.0,Unocorn06,https://commons.wikimedia.org/wiki/File:%22Snowball%22_the_American_Eskimo_Dog.jpg,https://thumb.wikimedia.org/wikipedia/commons/thumb/7/7e/%22Snowball%22_the_American_Eskimo_Dog.jpg/960px-%22Snowball%22_the_American_Eskimo_Dog.jpg?utm_source=commons.wikimedia.org&utm_campaign=imageinfo&utm_content=thumbnail
eskimo_dog_02,hard,Eskimo dog,Eskimo dog,File:2013 Westminster Kennel Club Dog Show- American Eskimo Dog GCH Nuuktok's Atka Inukshuk (8465556427).jpg,CC BY 2.0,"Pets Adviser from Brooklyn, USA",https://commons.wikimedia.org/wiki/File:2013_Westminster_Kennel_Club_Dog_Show-_American_Eskimo_Dog_GCH_Nuuktok%27s_Atka_Inukshuk_(8465556427).jpg,https://upload.wikimedia.org/wikipedia/commons/4/43/2013_Westminster_Kennel_Club_Dog_Show-_American_Eskimo_Dog_GCH_Nuuktok%27s_Atka_Inukshuk_%288465556427%29.jpg?utm_source=commons.wikimedia.org&utm_campaign=imageinfo&utm_content=thumbnail_unscaled
eskimo_dog_03,hard,Eskimo dog,Eskimo dog,File:American Eskimo Dog 1.jpg,CC BY-SA 2.0,Christmas w/a K,https://commons.wikimedia.org/wiki/File:American_Eskimo_Dog_1.jpg,https://thumb.wikimedia.org/wikipedia/commons/thumb/f/fe/American_Eskimo_Dog_1.jpg/960px-American_Eskimo_Dog_1.jpg?utm_source=commons.wikimedia.org&utm_campaign=imageinfo&utm_content=thumbnail
eskimo_dog_04,hard,Eskimo dog,Eskimo dog,File:American Eskimo Dog 2.jpg,Public domain,Jillian Schoenfeld,https://commons.wikimedia.org/wiki/File:American_Eskimo_Dog_2.jpg,https://upload.wikimedia.org/wikipedia/commons/b/b8/American_Eskimo_Dog_2.jpg?utm_source=commons.wikimedia.org&utm_campaign=imageinfo&utm_content=thumbnail_unscaled
eskimo_dog_05,hard,Eskimo dog,Eskimo dog,File:American Eskimo Dog 3.jpg,Public domain,Jillian Schoenfeld,https://commons.wikimedia.org/wiki/File:American_Eskimo_Dog_3.jpg,https://thumb.wikimedia.org/wikipedia/commons/thumb/e/ee/American_Eskimo_Dog_3.jpg/960px-American_Eskimo_Dog_3.jpg?utm_source=commons.wikimedia.org&utm_campaign=imageinfo&utm_content=thumbnail
tabby_01,hard,tabby cat,tabby,File:Blue and white tabby cat–IMG 6442 02.jpg,CC BY-SA 4.0,Kızıl,https://commons.wikimedia.org/wiki/File:Blue_and_white_tabby_cat%E2%80%93IMG_6442_02.jpg,https://thumb.wikimedia.org/wikipedia/commons/thumb/b/bf/Blue_and_white_tabby_cat%E2%80%93IMG_6442_02.jpg/960px-Blue_and_white_tabby_cat%E2%80%93IMG_6442_02.jpg?utm_source=commons.wikimedia.org&utm_campaign=imageinfo&utm_content=thumbnail
tabby_02,hard,tabby cat,tabby,File:Brown tabby cat 2018 G1.jpg,Public domain,George Chernilevsky,https://commons.wikimedia.org/wiki/File:Brown_tabby_cat_2018_G1.jpg,https://thumb.wikimedia.org/wikipedia/commons/thumb/5/5a/Brown_tabby_cat_2018_G1.jpg/960px-Brown_tabby_cat_2018_G1.jpg?utm_source=commons.wikimedia.org&utm_campaign=imageinfo&utm_content=thumbnail
tabby_03,hard,tabby cat,tabby,File:Cat November 2010-1a.jpg,CC BY-SA 3.0,Alvesgaspar,https://commons.wikimedia.org/wiki/File:Cat_November_2010-1a.jpg,https://thumb.wikimedia.org/wikipedia/commons/thumb/4/4d/Cat_November_2010-1a.jpg/960px-Cat_November_2010-1a.jpg?utm_source=commons.wikimedia.org&utm_campaign=imageinfo&utm_content=thumbnail
tabby_04,hard,tabby cat,tabby,File:Cat playing with a lizard.jpg,CC BY-SA 4.0,Basile Morin,https://commons.wikimedia.org/wiki/File:Cat_playing_with_a_lizard.jpg,https://thumb.wikimedia.org/wikipedia/commons/thumb/7/72/Cat_playing_with_a_lizard.jpg/960px-Cat_playing_with_a_lizard.jpg?utm_source=commons.wikimedia.org&utm_campaign=imageinfo&utm_content=thumbnail
tabby_05,hard,tabby cat,tabby,File:Cautious Tabby Red Cat.jpg,CC BY-SA 4.0,Etaped,https://commons.wikimedia.org/wiki/File:Cautious_Tabby_Red_Cat.jpg,https://thumb.wikimedia.org/wikipedia/commons/thumb/b/bd/Cautious_Tabby_Red_Cat.jpg/960px-Cautious_Tabby_Red_Cat.jpg?utm_source=commons.wikimedia.org&utm_campaign=imageinfo&utm_content=thumbnail
egyptian_cat_01,hard,Egyptian cat,Egyptian cat,File:African wildcat in cage.jpg,CC BY 2.0,Marie Hale,https://commons.wikimedia.org/wiki/File:African_wildcat_in_cage.jpg,https://thumb.wikimedia.org/wikipedia/commons/thumb/9/90/African_wildcat_in_cage.jpg/960px-African_wildcat_in_cage.jpg?utm_source=commons.wikimedia.org&utm_campaign=imageinfo&utm_content=thumbnail
egyptian_cat_02,hard,Egyptian cat,Egyptian cat,File:Bastet (Goddess).png,CC0,Eternal Space,https://commons.wikimedia.org/wiki/File:Bastet_(Goddess).png,https://thumb.wikimedia.org/wikipedia/commons/thumb/3/31/Bastet_%28Goddess%29.png/960px-Bastet_%28Goddess%29.png?utm_source=commons.wikimedia.org&utm_campaign=imageinfo&utm_content=thumbnail
egyptian_cat_03,hard,Egyptian cat,Egyptian cat,File:Bastet Tempelkatze.gif,CC BY-SA 2.0,tiegeltuf,https://commons.wikimedia.org/wiki/File:Bastet_Tempelkatze.gif,https://upload.wikimedia.org/wikipedia/commons/f/ff/Bastet_Tempelkatze.gif?utm_source=commons.wikimedia.org&utm_campaign=imageinfo&utm_content=thumbnail_unscaled
egyptian_cat_04,hard,Egyptian cat,Egyptian cat,File:Bastet statuette MET LC-58 67 EGDP023617.jpg,CC0,,https://commons.wikimedia.org/wiki/File:Bastet_statuette_MET_LC-58_67_EGDP023617.jpg,https://thumb.wikimedia.org/wikipedia/commons/thumb/6/6d/Bastet_statuette_MET_LC-58_67_EGDP023617.jpg/960px-Bastet_statuette_MET_LC-58_67_EGDP023617.jpg?utm_source=commons.wikimedia.org&utm_campaign=imageinfo&utm_content=thumbnail
egyptian_cat_05,hard,Egyptian cat,Egyptian cat,"File:Bastet, Cat-headed Goddess of Egypt.jpg",CC BY-SA 4.0,Neek-Theri,"https://commons.wikimedia.org/wiki/File:Bastet,_Cat-headed_Goddess_of_Egypt.jpg",https://thumb.wikimedia.org/wikipedia/commons/thumb/e/ef/Bastet%2C_Cat-headed_Goddess_of_Egypt.jpg/960px-Bastet%2C_Cat-headed_Goddess_of_Egypt.jpg?utm_source=commons.wikimedia.org&utm_campaign=imageinfo&utm_content=thumbnail
