image_id,stratum,completeness_error_32,cam_ig_coarse_32,completeness_error_64,cam_ig_coarse_64,completeness_error_128,cam_ig_coarse_128
zebra_01,confident,0.025749,-0.17719,0.009672,-0.179494,0.01437,-0.178007
zebra_02,confident,0.046142,0.282263,0.038789,0.276449,0.001766,0.279869
zebra_03,confident,0.006596,-0.570758,0.021023,-0.566983,0.001593,-0.569269
zebra_04,confident,0.163808,0.090075,0.015969,0.072476,0.028668,0.075232
zebra_05,confident,0.004481,0.448872,0.006073,0.439977,0.005599,0.436002
banana_01,confident,0.027992,0.524639,0.014896,0.536605,0.000204,0.534411
banana_02,confident,0.015347,0.901715,0.010323,0.901565,0.006891,0.901945
banana_05,confident,0.005649,0.597777,0.006322,0.599698,0.011092,0.598824
pizza_01,confident,0.054414,-0.159229,0.009517,-0.162718,0.002381,-0.15715
pizza_02,confident,0.069646,0.473911,0.00811,0.477987,0.010082,0.476196
pizza_04,confident,0.011109,0.733509,0.007177,0.73244,0.001697,0.732439
volcano_02,confident,0.019033,0.221802,0.009322,0.223397,0.003667,0.222213
volcano_03,uncertain,0.016441,0.843467,0.022789,0.842813,0.00882,0.84406
volcano_04,confident,0.00813,0.726783,0.011798,0.724575,0.009442,0.724586
volcano_05,confident,0.015674,0.171871,0.002576,0.173093,0.001671,0.172045
golden_retriever_02,confident,0.120318,0.577479,0.033134,0.573795,0.010183,0.574643
golden_retriever_03,uncertain,0.008651,0.644797,0.000705,0.644365,0.008357,0.642749
school_bus_01,uncertain,0.003755,0.892945,0.013015,0.895329,0.003262,0.894601
school_bus_02,confident,0.008831,0.868552,0.012219,0.866624,0.004747,0.867247
school_bus_04,uncertain,0.073065,0.845594,0.006299,0.843759,0.012814,0.843719
school_bus_05,confident,0.005247,0.229145,0.002946,0.226602,0.014041,0.226931
teapot_02,uncertain,0.057208,0.335319,0.002185,0.336714,0.022038,0.335972
teapot_03,confident,0.06631,0.836688,0.007422,0.837418,0.006231,0.837475
teapot_04,confident,0.095467,0.568445,0.003927,0.571317,0.015393,0.569714
daisy_01,confident,0.037192,0.458155,0.016404,0.458141,0.015011,0.457229
daisy_02,confident,0.056594,0.654236,0.022175,0.650201,0.013224,0.652112
daisy_03,confident,0.184444,0.850261,0.043691,0.848441,0.010465,0.848618
daisy_04,confident,0.019711,0.682473,0.018334,0.679266,0.002505,0.681125
daisy_05,confident,0.030494,0.845592,0.006751,0.847665,0.005234,0.845109
siberian_husky_01,confident,0.02134,-0.273337,0.002721,-0.260022,0.00471,-0.260479
siberian_husky_02,confident,0.028007,0.019755,0.032558,0.013209,0.003926,0.01419
siberian_husky_03,confident,0.029817,-0.169866,0.016146,-0.162035,0.002927,-0.16446
siberian_husky_04,confident,0.016872,-0.11708,0.010983,-0.11765,0.006413,-0.121966
siberian_husky_05,confident,0.032779,0.350235,0.019336,0.343509,0.007248,0.342318
eskimo_dog_01,uncertain,0.008917,0.76425,0.033634,0.766104,0.011069,0.766194
eskimo_dog_02,confident,0.01553,0.886896,0.009717,0.886718,0.002785,0.886566
eskimo_dog_03,uncertain,0.075197,0.688536,0.026032,0.688308,0.000868,0.68814
tabby_01,uncertain,0.029376,0.503642,0.031824,0.505285,0.006585,0.503255
tabby_02,uncertain,0.0395,0.88207,0.015529,0.881368,0.004749,0.881737
tabby_03,uncertain,0.010082,0.445718,0.041512,0.447166,0.017237,0.448671
tabby_05,uncertain,0.072966,0.665003,0.013777,0.66541,0.004579,0.662398
egyptian_cat_01,confident,0.022279,0.784018,0.00264,0.78319,0.019734,0.78375
egyptian_cat_03,uncertain,0.026983,0.539328,0.032458,0.539494,0.003696,0.539164
egyptian_cat_04,confident,0.028145,0.3511,0.005385,0.363626,0.002596,0.36349
