image_id,stratum,segments_requested,segments_produced,cam_lime_spearman,cam_lime_iou,cam_lime_iou_chance,cam_lime_iou_above_chance,lime_mask_share
zebra_01,confident,40,23,0.573685,0.149568,0.060055,0.089513,0.13068
zebra_01,confident,80,48,0.620268,0.370232,0.057648,0.312584,0.119798
zebra_01,confident,160,98,0.371936,0.249401,0.054733,0.194668,0.10786
zebra_02,confident,40,19,0.547947,0.277994,0.066982,0.211012,0.168626
zebra_02,confident,80,37,0.636336,0.172708,0.066505,0.106203,0.165637
zebra_02,confident,160,77,0.732837,0.174393,0.056771,0.117622,0.116071
zebra_03,confident,40,16,0.511265,0.220005,0.073177,0.146827,0.214306
zebra_03,confident,80,43,0.703984,0.259041,0.059085,0.199956,0.126176
zebra_03,confident,160,80,0.479249,0.229797,0.061267,0.16853,0.136559
zebra_04,confident,40,17,0.406644,0.001096,0.052724,-0.051629,0.100327
zebra_04,confident,80,37,0.599154,0.409468,0.066246,0.343222,0.164043
zebra_04,confident,160,78,0.53173,0.233788,0.05811,0.175677,0.121811
zebra_05,confident,40,24,0.689007,0.10709,0.055375,0.051715,0.110212
zebra_05,confident,80,51,0.783526,0.517607,0.060151,0.457456,0.130899
zebra_05,confident,160,95,0.59481,0.47874,0.055635,0.423104,0.111248
banana_01,confident,40,11,0.633244,0.186903,0.08602,0.100884,0.3808
banana_01,confident,80,35,0.712134,0.169722,0.064151,0.105572,0.151766
banana_01,confident,160,90,0.729888,0.115329,0.05302,0.06231,0.101403
banana_02,confident,40,13,0.71148,0.362891,0.058857,0.304033,0.12514
banana_02,confident,80,28,0.793773,0.327629,0.052911,0.274719,0.101004
banana_02,confident,160,53,0.689206,0.208259,0.053275,0.154984,0.10234
banana_05,confident,40,32,0.711548,0.114168,0.056837,0.057331,0.116051
banana_05,confident,80,69,0.476232,0.098329,0.053098,0.045231,0.101463
banana_05,confident,160,128,0.123891,0.035382,0.053125,-0.017743,0.101562
pizza_01,confident,40,22,0.318603,0.178444,0.059979,0.118465,0.130321
pizza_01,confident,80,52,0.425173,0.117508,0.054501,0.063007,0.106963
pizza_01,confident,160,96,0.401311,0.089744,0.053528,0.036216,0.103276
pizza_02,confident,40,18,0.770499,0.566491,0.054465,0.512026,0.106824
pizza_02,confident,80,42,0.655005,0.137218,0.059716,0.077502,0.129086
pizza_02,confident,160,93,0.066291,0.080986,0.053372,0.027614,0.102699
pizza_04,confident,40,21,0.256425,0.0,0.068593,-0.068593,0.178591
pizza_04,confident,80,52,0.290541,0.0,0.058543,-0.058543,0.123426
pizza_04,confident,160,107,0.398453,0.130476,0.056523,0.073953,0.114776
volcano_02,confident,40,32,0.506769,0.679911,0.055443,0.624468,0.110651
volcano_02,confident,80,59,0.575508,0.281658,0.053047,0.228611,0.101503
volcano_02,confident,160,108,0.347991,0.307413,0.052922,0.254491,0.101044
volcano_03,uncertain,40,34,0.364458,0.266153,0.056747,0.209405,0.115972
volcano_03,uncertain,80,77,0.420595,0.153025,0.056046,0.096978,0.113082
volcano_03,uncertain,160,138,-0.030445,0.074982,0.053415,0.021567,0.102858
volcano_04,confident,40,30,0.699592,0.156466,0.056242,0.100224,0.113879
volcano_04,confident,80,63,0.640714,0.129577,0.054713,0.074865,0.107781
volcano_04,confident,160,118,0.152461,0.056859,0.054625,0.002233,0.107442
volcano_05,confident,40,28,0.153385,0.062226,0.058187,0.004039,0.12215
volcano_05,confident,80,65,0.077456,0.07815,0.056975,0.021174,0.116928
volcano_05,confident,160,113,-0.03204,0.02424,0.05321,-0.02897,0.102101
golden_retriever_02,confident,40,32,0.759976,0.248711,0.055884,0.192827,0.112424
golden_retriever_02,confident,80,67,0.432604,0.185216,0.05308,0.132136,0.101622
golden_retriever_02,confident,160,125,-0.013964,0.016782,0.053415,-0.036633,0.102858
golden_retriever_03,uncertain,40,27,0.404875,0.326604,0.059173,0.267432,0.126574
golden_retriever_03,uncertain,80,67,0.268663,0.035663,0.053334,-0.017671,0.102559
golden_retriever_03,uncertain,160,113,-0.007822,0.098487,0.054496,0.043991,0.106944
school_bus_01,uncertain,40,25,0.416673,0.366693,0.053752,0.312942,0.104114
school_bus_01,uncertain,80,56,0.368257,0.224255,0.05372,0.170536,0.103994
school_bus_01,uncertain,160,103,0.245026,0.299413,0.053404,0.246008,0.102818
school_bus_02,confident,40,23,0.703343,0.360724,0.064392,0.296333,0.153121
school_bus_02,confident,80,56,0.65252,0.469843,0.062499,0.407344,0.142837
school_bus_02,confident,160,100,0.696815,0.335734,0.053533,0.282201,0.103296
school_bus_04,uncertain,40,22,0.47657,0.273324,0.078126,0.195198,0.263114
school_bus_04,uncertain,80,54,0.454372,0.481443,0.052982,0.428462,0.101264
school_bus_04,uncertain,160,108,0.189418,0.242363,0.054636,0.187727,0.107482
school_bus_05,confident,40,29,0.312693,0.013893,0.060176,-0.046284,0.131258
school_bus_05,confident,80,60,0.26734,0.044683,0.057892,-0.013209,0.120855
school_bus_05,confident,160,109,0.116133,0.043302,0.055357,-0.012055,0.110312
teapot_02,uncertain,40,28,0.099138,0.120983,0.057463,0.06352,0.119001
teapot_02,uncertain,80,62,0.206599,0.129979,0.055362,0.074616,0.110332
teapot_02,uncertain,160,114,0.163855,0.046809,0.053634,-0.006825,0.103675
teapot_03,confident,40,25,0.555692,0.138422,0.053296,0.085125,0.102419
teapot_03,confident,80,57,0.598594,0.198069,0.06511,0.13296,0.157246
teapot_03,confident,160,114,0.380777,0.125227,0.055337,0.069889,0.110232
teapot_04,confident,40,33,0.177477,0.235554,0.052713,0.182841,0.100287
teapot_04,confident,80,75,0.09904,0.188018,0.056319,0.131699,0.114198
teapot_04,confident,160,135,-0.102708,0.006043,0.054168,-0.048125,0.105688
daisy_01,confident,40,26,0.493434,0.443446,0.06,0.383446,0.130421
daisy_01,confident,80,64,0.615025,0.367882,0.055317,0.312564,0.110152
daisy_01,confident,160,127,0.323086,0.483131,0.05399,0.429142,0.10501
daisy_02,confident,40,19,0.247332,0.498222,0.059203,0.439019,0.126714
daisy_02,confident,80,44,0.504383,0.564309,0.0561,0.508208,0.113301
daisy_02,confident,160,93,0.496034,0.373891,0.05446,0.319431,0.106804
daisy_03,confident,40,26,0.623132,0.0181,0.058897,-0.040797,0.125319
daisy_03,confident,80,62,0.739123,0.193824,0.05356,0.140264,0.103396
daisy_03,confident,160,114,0.710288,0.258468,0.053815,0.204653,0.104353
daisy_04,confident,40,21,0.192454,0.006136,0.055065,-0.048929,0.109156
daisy_04,confident,80,51,0.416385,0.006179,0.054692,-0.048513,0.107701
daisy_04,confident,160,94,0.305588,0.280587,0.055398,0.225189,0.110471
daisy_05,confident,40,26,0.405282,0.116069,0.05328,0.062789,0.10236
daisy_05,confident,80,56,0.49487,0.340354,0.054111,0.286243,0.105469
daisy_05,confident,160,108,0.024498,0.194947,0.059099,0.135849,0.126236
siberian_husky_01,confident,40,24,0.69443,0.297685,0.067775,0.22991,0.173748
siberian_husky_01,confident,80,59,0.484576,0.299292,0.053953,0.245339,0.104871
siberian_husky_01,confident,160,115,0.541975,0.380761,0.055914,0.324847,0.112544
siberian_husky_02,confident,40,25,0.659935,0.407495,0.063559,0.343936,0.148497
siberian_husky_02,confident,80,63,0.605366,0.4468,0.058989,0.387811,0.125737
siberian_husky_02,confident,160,112,0.547048,0.465275,0.056276,0.408999,0.114019
siberian_husky_03,confident,40,24,0.687837,0.332144,0.05669,0.275454,0.115733
siberian_husky_03,confident,80,57,0.545328,0.238492,0.060809,0.177682,0.134307
siberian_husky_03,confident,160,100,0.615316,0.358757,0.056975,0.301781,0.116928
siberian_husky_04,confident,40,22,0.621457,0.224944,0.064036,0.160908,0.151128
siberian_husky_04,confident,80,58,0.581821,0.109363,0.061178,0.048185,0.136121
siberian_husky_04,confident,160,109,0.543838,0.265334,0.052807,0.212528,0.100626
siberian_husky_05,confident,40,27,0.741582,0.059655,0.065311,-0.005655,0.158422
siberian_husky_05,confident,80,65,0.666256,0.189385,0.053388,0.135997,0.102758
siberian_husky_05,confident,160,120,0.593412,0.194745,0.053932,0.140813,0.104791
eskimo_dog_01,uncertain,40,28,0.73419,0.728329,0.054624,0.673705,0.107322
eskimo_dog_01,uncertain,80,70,0.431418,0.713246,0.054375,0.658871,0.106366
eskimo_dog_01,uncertain,160,127,0.285909,0.370125,0.053081,0.317044,0.101523
eskimo_dog_02,confident,40,21,0.815021,0.380587,0.055716,0.324871,0.111747
eskimo_dog_02,confident,80,58,0.475165,0.265439,0.054095,0.211344,0.105409
eskimo_dog_02,confident,160,111,0.249141,0.252306,0.054158,0.198148,0.105648
eskimo_dog_03,uncertain,40,27,0.599971,0.493158,0.060472,0.432686,0.132673
eskimo_dog_03,uncertain,80,68,0.35116,0.503343,0.055428,0.447916,0.110591
eskimo_dog_03,uncertain,160,127,0.215079,0.360059,0.052949,0.30711,0.101144
tabby_01,uncertain,40,25,0.587994,0.361364,0.057023,0.304342,0.117128
tabby_01,uncertain,80,60,0.545848,0.531866,0.055473,0.476393,0.11077
tabby_01,uncertain,160,113,0.385531,0.699747,0.052922,0.646826,0.101044
tabby_02,uncertain,40,16,0.677257,0.212268,0.063781,0.148487,0.149713
tabby_02,uncertain,80,40,0.422733,0.200141,0.053624,0.146517,0.103635
tabby_02,uncertain,160,92,0.188712,0.338226,0.055014,0.283212,0.108956
tabby_03,uncertain,40,23,0.606468,0.418587,0.065998,0.352589,0.162528
tabby_03,uncertain,80,60,0.651776,0.459987,0.060097,0.399891,0.130879
tabby_03,uncertain,160,109,0.461784,0.294185,0.053725,0.24046,0.104014
tabby_05,uncertain,40,28,0.564047,0.248096,0.055034,0.193062,0.109036
tabby_05,uncertain,80,66,0.435113,0.25194,0.053323,0.198617,0.102519
tabby_05,uncertain,160,121,0.235175,0.145935,0.052719,0.093217,0.100307
egyptian_cat_01,confident,40,5,-0.303016,0.026885,0.088132,-0.061247,0.426
egyptian_cat_01,confident,80,20,0.043971,0.074043,0.0539,0.020143,0.104672
egyptian_cat_01,confident,160,58,-0.188316,0.043089,0.058354,-0.015265,0.122887
egyptian_cat_03,uncertain,40,25,0.463078,0.55587,0.057449,0.498421,0.118941
egyptian_cat_03,uncertain,80,63,0.465702,0.350514,0.055781,0.294733,0.112006
egyptian_cat_03,uncertain,160,116,0.159748,0.201019,0.053199,0.14782,0.102061
egyptian_cat_04,confident,40,32,0.609141,0.198054,0.054912,0.143142,0.108558
egyptian_cat_04,confident,80,74,0.532631,0.327565,0.056652,0.270913,0.115573
egyptian_cat_04,confident,160,131,0.130466,0.049296,0.054403,-0.005106,0.106585
