image_id,stratum,cam_ig_spearman,cam_ig_coarse_spearman,cam_ig_iou,cam_ig_coarse_iou,cam_noise_spearman,cam_noise_coarse_spearman
zebra_01,confident,-0.018707,-0.179494,0.038493,0.065959,1.1e-05,0.069667
zebra_02,confident,0.009406,0.276449,0.043569,0.008643,-0.003296,-0.098037
zebra_03,confident,-0.062712,-0.566983,0.023559,0.0,0.001405,0.012505
zebra_04,confident,-0.00224,0.072476,0.023246,0.0,0.00288,0.182928
zebra_05,confident,0.006525,0.439977,0.07746,0.304625,0.003016,0.041278
banana_01,confident,0.034151,0.536605,0.063586,0.019297,-0.001594,-0.01553
banana_02,confident,0.16474,0.901565,0.21237,0.285294,0.005423,0.163661
banana_05,confident,0.046968,0.599698,0.078583,0.197071,0.000615,-0.013164
pizza_01,confident,-0.012063,-0.162718,0.057089,0.000898,-0.001575,0.006617
pizza_02,confident,0.06411,0.477987,0.082749,0.023768,-0.00232,-0.015445
pizza_04,confident,0.079543,0.73244,0.119955,0.256064,0.001256,0.069078
volcano_02,confident,0.051843,0.223397,0.070964,0.009556,-0.001954,-0.091867
volcano_03,uncertain,0.08449,0.842813,0.142922,0.445276,0.00586,0.329345
volcano_04,confident,0.128216,0.724575,0.105408,0.133627,-0.003267,-0.19302
volcano_05,confident,0.033702,0.173093,0.065054,0.026039,0.00125,0.071548
golden_retriever_02,confident,0.108808,0.573795,0.070735,0.013939,-0.000647,0.007186
golden_retriever_03,uncertain,0.082514,0.644365,0.12929,0.358051,0.001395,0.050158
school_bus_01,uncertain,0.094055,0.895329,0.146578,0.700729,-0.00842,-0.348358
school_bus_02,confident,0.098038,0.866624,0.142012,0.224201,0.001595,0.147111
school_bus_04,uncertain,0.099955,0.843759,0.149994,0.353473,0.002835,0.098508
school_bus_05,confident,0.022989,0.226602,0.042052,0.0,-0.002943,-0.126423
teapot_02,uncertain,0.03413,0.336714,0.07005,0.00662,-6.2e-05,-0.033903
teapot_03,confident,0.108009,0.837418,0.125238,0.190651,0.010418,0.387574
teapot_04,confident,0.041868,0.571317,0.07165,0.058892,-0.003622,-0.096857
daisy_01,confident,0.056387,0.458141,0.099113,0.233378,0.000975,0.116044
daisy_02,confident,0.069648,0.650201,0.155556,0.62579,0.007477,0.326514
daisy_03,confident,0.143531,0.848441,0.179873,0.584715,-0.005778,-0.193288
daisy_04,confident,0.067126,0.679266,0.117844,0.398161,0.00096,-0.048937
daisy_05,confident,0.093959,0.847665,0.146055,0.551639,-0.004745,-0.137903
siberian_husky_01,confident,-0.027622,-0.260022,0.0287,0.0,-0.0065,-0.249302
siberian_husky_02,confident,-0.001242,0.013209,0.033893,0.001597,-0.001519,-0.067152
siberian_husky_03,confident,-0.017509,-0.162035,0.028806,0.0,0.000707,0.144334
siberian_husky_04,confident,-0.021488,-0.11765,0.045417,0.0,-0.000634,0.001203
siberian_husky_05,confident,0.019707,0.343509,0.063136,0.123349,0.006995,0.163434
eskimo_dog_01,uncertain,0.104851,0.766104,0.195073,0.790159,0.00468,0.212813
eskimo_dog_02,confident,0.159466,0.886718,0.203213,0.676019,-0.007635,-0.318393
eskimo_dog_03,uncertain,0.11091,0.688308,0.156488,0.411335,0.004813,0.162929
tabby_01,uncertain,0.03669,0.505285,0.084738,0.192774,-0.001316,-0.053255
tabby_02,uncertain,0.106947,0.881368,0.120214,0.260013,-0.00264,-0.132621
tabby_03,uncertain,0.041601,0.447166,0.09779,0.235352,0.00038,-0.06327
tabby_05,uncertain,0.085265,0.66541,0.104678,0.170789,0.000634,0.037145
egyptian_cat_01,confident,0.104986,0.78319,0.081932,0.019813,0.000721,0.062559
egyptian_cat_03,uncertain,-0.010126,0.539494,0.107726,0.372506,0.00232,0.135053
egyptian_cat_04,confident,0.046073,0.363626,0.042485,0.001097,-0.003661,-0.167582
