image_id,group,stratum,predicted_class,predicted_index,confidence,grad_cam_ig_spearman,grad_cam_ig_iou,grad_cam_lime_spearman,grad_cam_lime_iou,ig_lime_spearman,ig_lime_iou,mask_share_grad_cam,mask_share_ig,mask_share_lime,grad_cam_ig_iou_chance,grad_cam_lime_iou_chance,ig_lime_iou_chance,seconds
zebra_01,easy,confident,zebra,340,0.999713,-0.018707,0.038493,0.620268,0.370232,-0.000188,0.064062,0.100008,0.100008,0.119798,0.052636,0.057648,0.057648,20.6
zebra_02,easy,confident,zebra,340,0.999715,0.009406,0.043569,0.636336,0.172708,-0.01155,0.050355,0.100008,0.100008,0.165637,0.052636,0.066505,0.066505,18.7
zebra_03,easy,confident,zebra,340,0.999735,-0.062712,0.023559,0.703984,0.259041,-0.060959,0.025574,0.100008,0.100008,0.126176,0.052636,0.059085,0.059085,19.0
zebra_04,easy,confident,zebra,340,0.998474,-0.00224,0.023246,0.599154,0.409468,-0.028445,0.045781,0.100008,0.100008,0.164043,0.052636,0.066246,0.066246,18.6
zebra_05,easy,confident,zebra,340,0.99991,0.006525,0.07746,0.783526,0.517607,0.009122,0.077667,0.100147,0.100008,0.130899,0.052675,0.060151,0.060101,18.4
banana_01,easy,confident,banana,954,0.998411,0.034151,0.063586,0.712134,0.169722,0.041499,0.114611,0.100008,0.100008,0.151766,0.052636,0.064151,0.064151,18.8
banana_02,easy,confident,banana,954,0.997024,0.16474,0.21237,0.793773,0.327629,0.139418,0.167091,0.100008,0.100008,0.101004,0.052636,0.052911,0.052911,18.3
banana_05,easy,confident,banana,954,0.999816,0.046968,0.078583,0.476232,0.098329,0.016827,0.076342,0.100227,0.100008,0.101463,0.052697,0.053098,0.053036,19.1
pizza_01,easy,confident,pizza,963,0.998911,-0.012063,0.057089,0.425173,0.117508,0.010695,0.06121,0.100008,0.100008,0.106963,0.052636,0.054501,0.054501,18.6
pizza_02,easy,confident,pizza,963,0.90183,0.06411,0.082749,0.655005,0.137218,0.033963,0.057595,0.100008,0.100008,0.129086,0.052636,0.059716,0.059716,18.7
pizza_04,easy,confident,pizza,963,0.9944,0.079543,0.119955,0.290541,0.0,0.037094,0.030991,0.100207,0.100008,0.123426,0.052691,0.058543,0.058475,19.0
volcano_02,easy,confident,volcano,980,0.999928,0.051843,0.070964,0.575508,0.281658,0.112312,0.117979,0.100008,0.100008,0.101503,0.052636,0.053047,0.053047,18.5
volcano_03,easy,uncertain,volcano,980,0.686404,0.08449,0.142922,0.420595,0.153025,0.053824,0.110396,0.100008,0.100008,0.113082,0.052636,0.056046,0.056046,18.8
volcano_04,easy,confident,volcano,980,0.999612,0.128216,0.105408,0.640714,0.129577,0.113237,0.115557,0.100008,0.100008,0.107781,0.052636,0.054713,0.054713,19.0
volcano_05,easy,confident,volcano,980,0.979418,0.033702,0.065054,0.077456,0.07815,0.029375,0.052606,0.100008,0.100008,0.116928,0.052636,0.056975,0.056975,19.1
golden_retriever_02,medium,confident,golden retriever,207,0.994787,0.108808,0.070735,0.432604,0.185216,0.09492,0.111148,0.100008,0.100008,0.101622,0.052636,0.05308,0.05308,19.2
golden_retriever_03,medium,uncertain,golden retriever,207,0.57368,0.082514,0.12929,0.268663,0.035663,0.041156,0.041393,0.100008,0.100008,0.102559,0.052636,0.053334,0.053334,20.4
school_bus_01,medium,uncertain,church,497,0.685544,0.094055,0.146578,0.368257,0.224255,0.047416,0.085357,0.100008,0.100008,0.103994,0.052636,0.05372,0.05372,20.4
school_bus_02,medium,confident,school bus,779,0.999332,0.098038,0.142012,0.65252,0.469843,0.083598,0.194959,0.100008,0.100008,0.142837,0.052636,0.062499,0.062499,21.3
school_bus_04,medium,uncertain,recreational vehicle,757,0.656744,0.099955,0.149994,0.454372,0.481443,0.042638,0.161873,0.100008,0.100008,0.101264,0.052636,0.052982,0.052982,18.9
school_bus_05,medium,confident,car wheel,479,0.953704,0.022989,0.042052,0.26734,0.044683,0.053414,0.084132,0.100008,0.100008,0.120855,0.052636,0.057892,0.057892,19.0
teapot_02,medium,uncertain,vase,883,0.560146,0.03413,0.07005,0.206599,0.129979,0.03032,0.085914,0.100008,0.100008,0.110332,0.052636,0.055362,0.055362,19.0
teapot_03,medium,confident,teapot,849,0.975982,0.108009,0.125238,0.598594,0.198069,0.067883,0.137169,0.100008,0.100008,0.157246,0.052636,0.06511,0.06511,18.7
teapot_04,medium,confident,pencil sharpener,710,0.947827,0.041868,0.07165,0.09904,0.188018,0.004626,0.057354,0.100008,0.100008,0.114198,0.052636,0.056319,0.056319,19.1
daisy_01,medium,confident,daisy,985,0.989365,0.056387,0.099113,0.615025,0.367882,0.010862,0.082538,0.100008,0.100008,0.110152,0.052636,0.055317,0.055317,19.0
daisy_02,medium,confident,daisy,985,0.961878,0.069648,0.155556,0.504383,0.564309,0.096951,0.17075,0.100008,0.100008,0.113301,0.052636,0.0561,0.0561,18.7
daisy_03,medium,confident,daisy,985,0.984041,0.143531,0.179873,0.739123,0.193824,0.152923,0.152439,0.100008,0.100008,0.103396,0.052636,0.05356,0.05356,18.6
daisy_04,medium,confident,daisy,985,0.972932,0.067126,0.117844,0.416385,0.006179,0.091624,0.126703,0.100008,0.100008,0.107701,0.052636,0.054692,0.054692,18.8
daisy_05,medium,confident,daisy,985,0.930103,0.093959,0.146055,0.49487,0.340354,0.059471,0.136213,0.100008,0.100008,0.105469,0.052636,0.054111,0.054111,19.4
siberian_husky_01,hard,confident,dogsled,537,0.995687,-0.027622,0.0287,0.484576,0.299292,-0.058347,0.029132,0.100008,0.100008,0.104871,0.052636,0.053953,0.053953,18.6
siberian_husky_02,hard,confident,dogsled,537,0.998605,-0.001242,0.033893,0.605366,0.4468,-0.025355,0.033863,0.100008,0.100008,0.125737,0.052636,0.058989,0.058989,18.4
siberian_husky_03,hard,confident,dogsled,537,0.999387,-0.017509,0.028806,0.545328,0.238492,-0.03994,0.032584,0.100008,0.100008,0.134307,0.052636,0.060809,0.060809,18.9
siberian_husky_04,hard,confident,dogsled,537,0.994844,-0.021488,0.045417,0.581821,0.109363,-0.037665,0.033586,0.100008,0.100008,0.136121,0.052636,0.061178,0.061178,19.0
siberian_husky_05,hard,confident,dogsled,537,0.99839,0.019707,0.063136,0.666256,0.189385,-0.011422,0.021486,0.100008,0.100008,0.102758,0.052636,0.053388,0.053388,18.6
eskimo_dog_01,hard,uncertain,white wolf,270,0.528047,0.104851,0.195073,0.431418,0.713246,0.071545,0.188318,0.100108,0.100008,0.106366,0.052664,0.054375,0.054346,20.3
eskimo_dog_02,hard,confident,Samoyed,258,0.986511,0.159466,0.203213,0.475165,0.265439,0.0886,0.15848,0.100008,0.100008,0.105409,0.052636,0.054095,0.054095,21.7
eskimo_dog_03,hard,uncertain,Pomeranian,259,0.549952,0.11091,0.156488,0.35116,0.503343,0.041768,0.131007,0.100008,0.100008,0.110591,0.052636,0.055428,0.055428,20.9
tabby_01,hard,uncertain,tabby,281,0.458281,0.03669,0.084738,0.545848,0.531866,0.017509,0.079735,0.100008,0.100008,0.11077,0.052636,0.055473,0.055473,20.6
tabby_02,hard,uncertain,tabby,281,0.491728,0.106947,0.120214,0.422733,0.200141,0.07004,0.1138,0.100008,0.100008,0.103635,0.052636,0.053624,0.053624,20.3
tabby_03,hard,uncertain,Egyptian cat,285,0.483322,0.041601,0.09779,0.651776,0.459987,-0.00066,0.087487,0.100008,0.100008,0.130879,0.052636,0.060097,0.060097,20.7
tabby_05,hard,uncertain,tiger cat,282,0.514841,0.085265,0.104678,0.435113,0.25194,0.039447,0.084409,0.100008,0.100008,0.102519,0.052636,0.053323,0.053323,21.4
egyptian_cat_01,hard,confident,snow leopard,289,0.969542,0.104986,0.081932,0.043971,0.074043,0.039459,0.106443,0.100008,0.100008,0.104672,0.052636,0.0539,0.0539,20.5
egyptian_cat_03,hard,uncertain,sax,776,0.459703,-0.010126,0.107726,0.465702,0.350514,0.043252,0.130499,0.100008,0.100008,0.112006,0.052636,0.055781,0.055781,20.8
egyptian_cat_04,hard,confident,pedestal,708,0.951877,0.046073,0.042485,0.532631,0.327565,0.026712,0.075783,0.100008,0.100008,0.115573,0.052636,0.056652,0.056652,20.9
