stratum,pair,n,spearman_mean,spearman_median,spearman_sd,spearman_min,spearman_max,iou_mean,iou_median,iou_chance_mean,iou_above_chance
confident,Grad-CAM vs IG,32,0.0499,0.0465,0.0579,-0.0627,0.1647,0.0856,0.0713,0.0526,0.033
confident,Grad-CAM vs LIME,32,0.5233,0.5787,0.1921,0.044,0.7938,0.2368,0.1959,0.0575,0.1793
confident,IG vs LIME,32,0.0356,0.0317,0.0568,-0.061,0.1529,0.0876,0.077,0.0575,0.0301
uncertain,Grad-CAM vs IG,12,0.0726,0.0849,0.038,-0.0101,0.1109,0.1255,0.1248,0.0526,0.0728
uncertain,Grad-CAM vs LIME,12,0.4185,0.4271,0.1164,0.2066,0.6518,0.3363,0.3012,0.055,0.2813
uncertain,IG vs LIME,12,0.0415,0.0422,0.02,-0.0007,0.0715,0.1083,0.0989,0.055,0.0534
both,Grad-CAM vs IG,44,0.0561,0.0541,0.0538,-0.0627,0.1647,0.0965,0.0837,0.0526,0.0438
both,Grad-CAM vs LIME,44,0.4947,0.4996,0.1797,0.044,0.7938,0.2639,0.2314,0.0568,0.2071
both,IG vs LIME,44,0.0372,0.0395,0.0494,-0.061,0.1529,0.0932,0.0849,0.0568,0.0365
